2019-01-18 09:11 ~ selene.hzxql ~ 10586514401,
2019-01-18 09:11 ~ yashsharma______ ~ 7605468817,
2019-01-18 09:19 ~ php8legs ~ 1320752140,
2019-01-18 09:19 ~ rbxclusive_gadget ~ 3423771167,
2019-01-18 09:20 ~ hoytskate ~ 8056449370,
2019-01-18 09:20 ~ emilyxxie ~ 188475376,
2019-01-18 09:20 ~ sarahmakuta ~ 4365284574,
2019-01-18 09:21 ~ libor.svoboda.14 ~ 7396549724,
2019-01-18 09:21 ~ fimacf_india ~ 6981127149,
2019-01-18 09:21 ~ gabbyruiz2000 ~ 6036926521,
2019-01-18 09:21 ~ lorianeuhardt ~ 2196222186,
2019-01-18 09:22 ~ theparade_ ~ 9718670870,
2019-01-18 09:22 ~ christian_curiosities ~ 4861515663,
2019-01-18 09:22 ~ drewtkai ~ 9390264553,
2019-01-18 09:23 ~ apiantoagung ~ 1907955465,
2019-01-18 09:23 ~ voxtechnical ~ 8428226960,
2019-01-18 09:23 ~ gujjar_zimidar ~ 6904527003,
2019-01-18 09:23 ~ intelectualweb ~ 8028684938,
2019-01-18 09:24 ~ jigar_compubrain ~ 8486344559,
2019-01-18 09:24 ~ lagafy ~ 1734409649,
2019-01-18 09:24 ~ sotb_beatz ~ 7699218749,
2019-01-18 09:25 ~ presedent44 ~ 10439154442,
2019-01-18 09:25 ~ onlinestoremc ~ 9247755209,
2019-01-18 09:25 ~ markamatthews ~ 10741800,
2019-01-18 09:26 ~ skylighttech ~ 1534692777,
2019-01-18 09:26 ~ channel_about_everything__ ~ 4798426770,
2019-01-18 09:26 ~ dululu_la ~ 1385575240,
2019-01-18 09:27 ~ biigvault ~ 10190987534,
2019-01-18 09:29 ~ techplusgadgets ~ 6245290397,
2019-01-18 09:29 ~ bitsglobal ~ 3885195939,
2019-01-18 09:29 ~ ixtelecom ~ 347154810,
2019-01-18 09:30 ~ brendonk ~ 11250253,
2019-01-18 09:30 ~ digitalstreetsa ~ 1418544177,
2019-01-18 09:30 ~ lovebridge69 ~ 9672382283,
2019-01-18 09:31 ~ webpuppies_sg ~ 4439936368,
2019-01-18 09:31 ~ hdphotography89 ~ 10150474196,
2019-01-18 09:31 ~ coosmartshop ~ 10191682554,
2019-01-18 09:31 ~ swingurusports ~ 6684817127,
2019-01-18 09:32 ~ techmariah ~ 4722847961,
2019-01-18 09:32 ~ seangomesss ~ 305125593,
2019-01-18 09:32 ~ ramu_banna_ ~ 6867269844,
2019-01-18 09:32 ~ techyradar ~ 6348003070,
2019-01-18 09:33 ~ avis.boone ~ 1619740321,
2019-01-18 09:33 ~ bola_mundial ~ 10339862819,
2019-01-18 09:33 ~ catskatskets ~ 9284934350,
2019-01-18 09:33 ~ navnirman_tech_festival ~ 10084332902,
2019-01-18 09:34 ~ huobiglobalofficial ~ 6645780241,
2019-01-18 09:34 ~ spt_hq ~ 1512874537,
2019-01-18 09:34 ~ nickolasv ~ 14953993,
2019-01-18 09:34 ~ daniriola_xd ~ 4149858901,
2019-01-18 09:35 ~ wollohkresreb ~ 1536138630,
2019-01-18 09:35 ~ rahul_basod_official ~ 7650236361,
2019-01-18 09:36 ~ khushsrex ~ 7705566949,
2019-01-18 09:36 ~ cloutt.spammmm ~ 6769185624,
2019-01-18 09:36 ~ justwathings ~ 10419748824,
2019-01-18 09:37 ~ techdroidworld ~ 6203244431,
2019-01-18 09:37 ~ halethclothing ~ 10118711355,
2019-01-18 09:38 ~ azarie_muh ~ 2237832362,
2019-01-18 09:38 ~ perchist ~ 7933506267,
2019-01-18 09:38 ~ 1_universe_ ~ 8656409776,
2019-01-18 09:39 ~ onlytenner ~ 5348324662,
2019-01-18 09:39 ~ neonband.store ~ 9272667075,
2019-01-18 09:39 ~ proper_lan ~ 236251155,
2019-01-18 09:39 ~ ruizj.daniel ~ 7295967015,
2019-01-18 09:40 ~ matzaballs.for.millennials ~ 10234432186,
2019-01-18 09:40 ~ travl.tv ~ 7575648826,
2019-01-18 09:40 ~ realnameee ~ 371490259,
2019-01-18 09:41 ~ silentmodehq ~ 5509898400,
2019-01-18 09:41 ~ iampurnadevi ~ 8297749488,
2019-01-18 09:41 ~ missbrittanymartins ~ 8183468226,
2019-01-18 09:41 ~ escritoscronicos ~ 9235225915,
2019-01-18 09:42 ~ quotestarvideo ~ 10576754913,
2019-01-18 09:42 ~ wissenschaftlichenmemes ~ 10224772750,
2019-01-18 09:42 ~ ritikbaisoya1 ~ 2096900031,
2019-01-18 09:42 ~ razedclan ~ 10117330172,
2019-01-18 09:43 ~ biancatimsa ~ 4962182666,
2019-01-18 09:43 ~ gadget_wonk ~ 8968213571,
2019-01-18 09:43 ~ rjoventuresinc ~ 3906950898,
2019-01-18 09:44 ~ mrurbansports_llc ~ 23729703,
2019-01-18 09:44 ~ appleinspot ~ 10437154147,
2019-01-18 09:44 ~ terrimarienonstop ~ 642290372,
2019-01-18 09:44 ~ emvata ~ 4180594784,
2019-01-18 09:46 ~ kxshaddie ~ 9228517220,
2019-01-18 09:46 ~ ruslannelen ~ 3118264155,
2019-01-18 09:46 ~ lingvely._.2 ~ 4989629336,
2019-01-18 09:47 ~ memes.brolo ~ 10573914067,
2019-01-18 09:47 ~ debu_digbijay211 ~ 2972704819,
2019-01-18 09:47 ~ dedicobundudo ~ 5719564029,
2019-01-18 09:48 ~ u_n_ji_ ~ 7745436432,
2019-01-18 09:48 ~ manpreetsingh_pb02 ~ 4058386024,
2019-01-18 09:48 ~ ___.shallzz.__ ~ 8316072633,
2019-01-18 09:48 ~ tom.flavour ~ 3035548043,
2019-01-18 09:49 ~ i_am_ajay_hathila_ ~ 10027997537,
2019-01-18 09:49 ~ jazminferrariwooster ~ 2274530046,
2019-01-18 09:49 ~ yudhisbaztian ~ 1829716128,
2019-01-18 09:49 ~ pakar_growup_indo ~ 6212297874,
2019-01-18 09:50 ~ awesomequotes_hub ~ 6884238973,
2019-01-18 09:50 ~ beautytthreads ~ 10492816442,
2019-01-18 09:50 ~ glowglow.skin ~ 5791149664,
2019-01-18 09:51 ~ reebok_mania ~ 1565377518,
2019-01-18 09:51 ~ rubenpchl ~ 2899547022,
2019-01-18 09:51 ~ mon_2chou ~ 6825604529,
2019-01-18 09:52 ~ irgendragovoja ~ 1564102416,
2019-01-18 09:52 ~ leonard_9012 ~ 7143847003,
2019-01-18 09:53 ~ thedesimorons ~ 7225686309,
2019-01-18 09:53 ~ jewelryplug305 ~ 3959475864,
2019-01-18 09:53 ~ bellafebriii ~ 4992994716,
2019-01-18 09:54 ~ loiolaphotos ~ 5547927888,
2019-01-18 09:54 ~ ayush.bhavsar.562 ~ 6298201948,
2019-01-18 09:54 ~ mochahelp ~ 8519582132,
2019-01-18 09:54 ~ brendasarahixd ~ 4530462035,
2019-01-18 09:55 ~ hepishop25 ~ 8990222055,
2019-01-18 09:55 ~ ayoo.sisterss ~ 8155789642,
2019-01-18 09:56 ~ affectionflacelo ~ 4399772620,
2019-01-18 09:56 ~ arianamylove4eva ~ 8038080451,
2019-01-18 09:56 ~ _angiekerber ~ 10208111323,
2019-01-18 09:57 ~ artfulflitch ~ 647544882,
2019-01-18 09:57 ~ magallylepe ~ 285856034,
2019-01-18 09:57 ~ i_love_fandoms_ ~ 1807731641,
2019-01-18 09:57 ~ waszx_2 ~ 1633758393,
2019-01-18 09:58 ~ brontoloro.official ~ 8780497104,
2019-01-18 09:58 ~ oaxiis ~ 462011245,
2019-01-18 09:58 ~ _kimberlly_xo ~ 497435955,
2019-01-18 09:58 ~ _.gabii_ ~ 1619782747,
2019-01-18 09:59 ~ thienanh_2000 ~ 5404448577,
2019-01-18 09:59 ~ yt_krbys_x ~ 5839026299,
2019-01-18 10:00 ~ adventures_photograph ~ 2286778905,
2019-01-18 10:00 ~ allaizverskaya ~ 874574939,
2019-01-18 10:00 ~ guidogoodguy ~ 8356031867,
2019-01-18 10:01 ~ sebastian_thalles ~ 3642162210,
2019-01-18 10:01 ~ damiaan_romero ~ 4085898825,
2019-01-18 10:02 ~ model_sai_ ~ 6629998940,
2019-01-18 10:02 ~ matt.stinn ~ 3450738652,
2019-01-18 10:02 ~ memestrength ~ 8203149667,
2019-01-18 10:03 ~ ektukrobhalobasa ~ 4706891959,
2019-01-18 10:03 ~ labarriemua ~ 3104227297,
2019-01-18 10:03 ~ lanaommi ~ 805183023,
2019-01-18 10:04 ~ anniesbutterflies ~ 5714897648,
2019-01-18 10:04 ~ insta_punyalanz ~ 8505902432,
2019-01-18 10:04 ~ stanky.weiner ~ 5765882878,
2019-01-18 10:04 ~ malibuboujee ~ 9023732540,
2019-01-18 10:05 ~ 200n0n2n ~ 10180513017,
2019-01-18 10:05 ~ kenzie_maccc ~ 223182892,
2019-01-18 10:05 ~ a.generation ~ 588724167,
2019-01-18 10:06 ~ shraddha_kapoor_saloni ~ 9172789571,
2019-01-18 10:06 ~ productionkingsllc ~ 7947368603,
2019-01-18 10:06 ~ an_art_amity ~ 4293923469,
2019-01-18 10:07 ~ dero_news ~ 1140538051,
2019-01-18 10:07 ~ sugengriyady_ ~ 1491507408,
2019-01-18 10:07 ~ whoismeloticxx ~ 338439358,
2019-01-18 10:08 ~ hinchadachilena__ ~ 9267812339,
2019-01-18 10:08 ~ inha.sna ~ 4798936413,
