2019-01-18 09:07 ~ bhanukashyap1555 ~ unknown,
2019-01-18 09:11 ~ yashsharma______ ~ 7605468817,
2019-01-18 09:19 ~ rbxclusive_gadget ~ 3423771167,
2019-01-18 09:20 ~ sarahmakuta ~ 4365284574,
2019-01-18 09:21 ~ libor.svoboda.14 ~ 7396549724,
2019-01-18 09:21 ~ lorianeuhardt ~ 2196222186,
2019-01-18 09:22 ~ christian_curiosities ~ 4861515663,
2019-01-18 09:23 ~ gujjar_zimidar ~ 6904527003,
2019-01-18 09:23 ~ intelectualweb ~ 8028684938,
2019-01-18 09:24 ~ sotb_beatz ~ 7699218749,
2019-01-18 09:25 ~ presedent44 ~ 10439154442,
2019-01-18 09:26 ~ channel_about_everything__ ~ 4798426770,
2019-01-18 09:29 ~ ixtelecom ~ 347154810,
2019-01-18 09:30 ~ digitalstreetsa ~ 1418544177,
2019-01-18 09:31 ~ webpuppies_sg ~ 4439936368,
2019-01-18 09:31 ~ hdphotography89 ~ 10150474196,
2019-01-18 09:31 ~ coosmartshop ~ 10191682554,
2019-01-18 09:31 ~ swingurusports ~ 6684817127,
2019-01-18 09:33 ~ avis.boone ~ 1619740321,
2019-01-18 09:33 ~ bola_mundial ~ 10339862819,
2019-01-18 09:33 ~ catskatskets ~ 9284934350,
2019-01-18 09:33 ~ navnirman_tech_festival ~ 10084332902,
2019-01-18 09:34 ~ nickolasv ~ 14953993,
2019-01-18 09:34 ~ daniriola_xd ~ 4149858901,
2019-01-18 09:35 ~ wollohkresreb ~ 1536138630,
2019-01-18 09:36 ~ cloutt.spammmm ~ 6769185624,
2019-01-18 09:37 ~ techdroidworld ~ 6203244431,
2019-01-18 09:38 ~ azarie_muh ~ 2237832362,
2019-01-18 09:39 ~ proper_lan ~ 236251155,
2019-01-18 09:39 ~ ruizj.daniel ~ 7295967015,
2019-01-18 09:40 ~ matzaballs.for.millennials ~ 10234432186,
2019-01-18 09:40 ~ realnameee ~ 371490259,
2019-01-18 09:41 ~ silentmodehq ~ 5509898400,
2019-01-18 09:41 ~ iampurnadevi ~ 8297749488,
2019-01-18 09:41 ~ missbrittanymartins ~ 8183468226,
2019-01-18 09:41 ~ escritoscronicos ~ 9235225915,
2019-01-18 09:42 ~ quotestarvideo ~ 10576754913,
2019-01-18 09:43 ~ gadget_wonk ~ 8968213571,
2019-01-18 09:44 ~ mrurbansports_llc ~ 23729703,
2019-01-18 09:47 ~ debu_digbijay211 ~ 2972704819,
2019-01-18 09:47 ~ dedicobundudo ~ 5719564029,
2019-01-18 09:48 ~ ___.shallzz.__ ~ 8316072633,
2019-01-18 09:48 ~ tom.flavour ~ 3035548043,
2019-01-18 09:49 ~ i_am_ajay_hathila_ ~ 10027997537,
2019-01-18 09:49 ~ yudhisbaztian ~ 1829716128,
2019-01-18 09:49 ~ pakar_growup_indo ~ 6212297874,
2019-01-18 09:50 ~ beautytthreads ~ 10492816442,
2019-01-18 09:52 ~ leonard_9012 ~ 7143847003,
2019-01-18 09:53 ~ bellafebriii ~ 4992994716,
2019-01-18 09:54 ~ loiolaphotos ~ 5547927888,
2019-01-18 09:54 ~ ayush.bhavsar.562 ~ 6298201948,
2019-01-18 09:55 ~ hepishop25 ~ 8990222055,
2019-01-18 09:55 ~ ayoo.sisterss ~ 8155789642,
2019-01-18 09:56 ~ affectionflacelo ~ 4399772620,
2019-01-18 09:56 ~ arianamylove4eva ~ 8038080451,
2019-01-18 09:56 ~ _angiekerber ~ 10208111323,
2019-01-18 09:57 ~ artfulflitch ~ 647544882,
2019-01-18 09:57 ~ magallylepe ~ 285856034,
2019-01-18 09:57 ~ i_love_fandoms_ ~ 1807731641,
2019-01-18 09:57 ~ waszx_2 ~ 1633758393,
2019-01-18 09:58 ~ brontoloro.official ~ 8780497104,
2019-01-18 09:59 ~ thienanh_2000 ~ 5404448577,
2019-01-18 10:00 ~ allaizverskaya ~ 874574939,
2019-01-18 10:01 ~ damiaan_romero ~ 4085898825,
2019-01-18 10:02 ~ matt.stinn ~ 3450738652,
2019-01-18 10:03 ~ labarriemua ~ 3104227297,
2019-01-18 10:04 ~ anniesbutterflies ~ 5714897648,
2019-01-18 10:04 ~ stanky.weiner ~ 5765882878,
2019-01-18 10:05 ~ 200n0n2n ~ 10180513017,
2019-01-18 10:05 ~ kenzie_maccc ~ 223182892,
2019-01-18 10:06 ~ shraddha_kapoor_saloni ~ 9172789571,
2019-01-18 10:06 ~ productionkingsllc ~ 7947368603,
2019-01-18 10:06 ~ an_art_amity ~ 4293923469,
2019-01-18 10:07 ~ whoismeloticxx ~ 338439358,
2019-01-18 10:08 ~ hinchadachilena__ ~ 9267812339,
2019-01-18 10:08 ~ inha.sna ~ 4798936413,
2019-01-18 20:23 ~ nikefootball ~ 23678829,
2019-01-18 20:23 ~ zacefron ~ 29421778,
2019-01-18 20:23 ~ maluma ~ 44059601,
2019-01-18 20:23 ~ nasa ~ 528817151,
2019-01-18 20:25 ~ nikefootball ~ 23678829,
2019-01-18 20:25 ~ zacefron ~ 29421778,
2019-01-18 20:26 ~ maluma ~ 44059601,
2019-01-18 20:26 ~ nasa ~ 528817151,
2019-01-18 20:28 ~ nikefootball ~ 23678829,
2019-01-18 20:28 ~ zacefron ~ 29421778,
2019-01-18 20:28 ~ maluma ~ 44059601,
2019-01-18 20:28 ~ nasa ~ 528817151,
2019-01-18 20:31 ~ nikefootball ~ 23678829,
2019-01-18 20:31 ~ zacefron ~ 29421778,
2019-01-18 20:31 ~ maluma ~ 44059601,
2019-01-18 20:31 ~ nasa ~ 528817151,
2019-01-18 20:36 ~ nikefootball ~ 23678829,
2019-01-18 20:36 ~ maluma ~ 44059601,
2019-01-18 20:36 ~ nasa ~ 528817151,
2019-01-18 20:39 ~ nikefootball ~ 23678829,
2019-01-18 20:39 ~ zacefron ~ 29421778,
2019-01-18 20:39 ~ maluma ~ 44059601,
2019-01-18 20:39 ~ nasa ~ 528817151,
2019-01-18 20:41 ~ nikefootball ~ 23678829,
2019-01-18 20:42 ~ zacefron ~ 29421778,
2019-01-18 20:42 ~ maluma ~ 44059601,
2019-01-18 20:42 ~ nasa ~ 528817151,
2019-01-18 20:45 ~ nasa ~ 528817151,
2019-01-18 20:47 ~ zacefron ~ 29421778,
2019-01-18 20:47 ~ maluma ~ 44059601,
2019-01-18 20:49 ~ nikefootball ~ 23678829,
2019-01-18 20:49 ~ zacefron ~ 29421778,
2019-01-18 20:49 ~ maluma ~ 44059601,
2019-01-18 20:50 ~ nasa ~ 528817151,
2019-01-18 20:51 ~ nikefootball ~ 23678829,
2019-01-18 20:51 ~ zacefron ~ 29421778,
2019-01-18 20:52 ~ maluma ~ 44059601,
2019-01-18 20:54 ~ zacefron ~ 29421778,
2019-01-18 20:54 ~ nasa ~ 528817151,
2019-01-18 20:59 ~ nikefootball ~ 23678829,
2019-01-18 20:59 ~ zacefron ~ 29421778,
2019-01-18 20:59 ~ nasa ~ 528817151,
2019-01-18 21:01 ~ nikefootball ~ 23678829,
2019-01-18 21:02 ~ zacefron ~ 29421778,
2019-01-18 21:02 ~ maluma ~ 44059601,
2019-01-18 21:02 ~ nasa ~ 528817151,
2019-01-18 21:18 ~ nikefootball ~ 23678829,
2019-01-18 21:18 ~ nasa ~ 528817151,
2019-01-18 21:21 ~ nikefootball ~ 23678829,
2019-01-18 21:22 ~ zacefron ~ 29421778,
2019-01-18 21:22 ~ maluma ~ 44059601,
2019-01-18 21:22 ~ nasa ~ 528817151,
2019-01-18 21:24 ~ nikefootball ~ 23678829,
2019-01-18 21:24 ~ zacefron ~ 29421778,
2019-01-18 21:25 ~ maluma ~ 44059601,
2019-01-18 21:25 ~ nasa ~ 528817151,
2019-01-18 21:27 ~ nikefootball ~ 23678829,
2019-01-18 21:27 ~ zacefron ~ 29421778,
2019-01-18 21:27 ~ maluma ~ 44059601,
2019-01-18 21:28 ~ nasa ~ 528817151,
2019-01-18 21:32 ~ nikefootball ~ 23678829,
2019-01-18 21:32 ~ zacefron ~ 29421778,
2019-01-18 21:34 ~ nikefootball ~ 23678829,
2019-01-18 21:35 ~ zacefron ~ 29421778,
2019-01-18 21:35 ~ maluma ~ 44059601,
2019-01-18 21:35 ~ nasa ~ 528817151,
2019-01-18 21:37 ~ nikefootball ~ 23678829,
2019-01-18 21:37 ~ zacefron ~ 29421778,
2019-01-18 21:38 ~ maluma ~ 44059601,
2019-01-18 21:38 ~ nasa ~ 528817151,
2019-01-18 21:39 ~ nikefootball ~ 23678829,
2019-01-18 21:39 ~ zacefron ~ 29421778,
2019-01-18 21:44 ~ zacefron ~ 29421778,
2019-01-18 21:44 ~ maluma ~ 44059601,
2019-01-18 21:47 ~ nikefootball ~ 23678829,
2019-01-18 21:47 ~ zacefron ~ 29421778,
2019-01-18 21:47 ~ maluma ~ 44059601,
2019-01-18 21:47 ~ nasa ~ 528817151,
2019-01-18 21:50 ~ nikefootball ~ 23678829,
2019-01-18 21:50 ~ zacefron ~ 29421778,
2019-01-18 21:50 ~ maluma ~ 44059601,
2019-01-18 21:50 ~ nasa ~ 528817151,
2019-01-18 22:03 ~ desihiphopautopsy ~ 4035255001,
2019-01-18 22:03 ~ meme_ka_bhuka ~ 10231191752,
2019-01-18 22:05 ~ katrinakaifslay ~ 3447441897,
2019-01-18 22:05 ~ jitendraattri10996 ~ 3417557619,
2019-01-18 22:05 ~ barbie_n7 ~ 7317640707,
2019-01-18 22:06 ~ pondicherry_ajithkumar_fans_ ~ 8219945732,
2019-01-18 22:06 ~ punjab_mail_ ~ 8555263276,
2019-01-18 22:07 ~ glam_it_online ~ 8252188700,
2019-01-18 22:08 ~ junaid.pehalwan ~ 1736981766,
2019-01-18 22:09 ~ divyabhartifans ~ 5895479918,
2019-01-18 22:09 ~ bollywoodwud ~ 8466126325,
2019-01-18 22:11 ~ pakhandi_log ~ 8774191079,
2019-01-18 22:12 ~ salman_katrina_fan ~ 7683017221,
2019-01-18 22:13 ~ tharkijanu302 ~ 6723041001,
2019-01-18 22:13 ~ surbhistar15 ~ 8168982696,
2019-01-18 22:14 ~ team_nidhhi ~ 8335803654,
2019-01-18 22:16 ~ sd_abuzar_ ~ 7247555276,
2019-01-18 22:17 ~ ash.chaudhry1 ~ 4020289337,
2019-01-18 22:18 ~ indian_super_beauty ~ 9792022720,
2019-01-18 22:19 ~ end_jattiya_ ~ 4315315353,
2019-01-18 22:19 ~ kashmiri_memes ~ 1620466129,
2019-01-18 22:20 ~ ajaydevgn_films ~ 1965064204,
2019-01-18 22:20 ~ _boxing_vidos_ ~ 8297227617,
2019-01-18 22:21 ~ surbhhiijyoti ~ 8424527095,
2019-01-18 22:23 ~ alone___03 ~ 5949812007,
2019-01-18 22:23 ~ prathammusic_ ~ 3314955051,
2019-01-18 22:24 ~ itsshide_fans ~ 6311528360,
2019-01-18 22:25 ~ _make_up_natali ~ 3447462038,
2019-01-18 22:26 ~ btowndiaries ~ 2135370438,
2019-01-18 22:26 ~ realalexmeneses ~ 2115449930,
2019-01-18 22:27 ~ sultan_coach ~ 2140015721,
2019-01-18 22:28 ~ more_marilyn_monroe ~ 7062010267,
2019-01-18 22:28 ~ tamil_media_clips_3.0 ~ 9446535551,
2019-01-18 22:29 ~ aretha_pug ~ 7963204895,
2019-01-18 22:30 ~ oshnik.official ~ 3566217748,
2019-01-18 22:31 ~ thekingofgrill ~ 5733282185,
2019-01-18 22:31 ~ mahtaab_cinema ~ 7118199295,
2019-01-18 22:32 ~ kai_5.18.18 ~ 8536160024,
2019-01-18 22:33 ~ reychimusic ~ 1051420786,
2019-01-18 22:33 ~ quirkyjunket ~ 4385974288,
2019-01-18 22:34 ~ gutta_muzik ~ 3223808129,
2019-01-18 22:34 ~ tazi_doll ~ 4328413795,
2019-01-18 22:35 ~ christal_penn ~ 2247592747,
2019-01-18 22:36 ~ prince_peterrr ~ 656297303,
2019-01-18 22:37 ~ nicola.ll.rr ~ 1643283265,
2019-01-18 22:37 ~ tiffysmileyface ~ 42910730,
2019-01-18 22:38 ~ rony_wanderingsoul ~ 2164173615,
2019-01-18 22:41 ~ ultimatefandango ~ 10459963093,
2019-01-18 22:42 ~ loewshollywood ~ 4429181192,
2019-01-18 22:42 ~ iamrichiejr ~ 8048092828,
2019-01-18 22:44 ~ ankush_bhardwaj___shum__fc ~ 9736606246,
2019-01-18 22:44 ~ choudhary_hiteshkumar_official ~ 5861784769,
2019-01-18 22:45 ~ pulledthreads ~ 5319762402,
2019-01-22 22:44 ~ jlo ~ 305701719,
2019-01-22 22:44 ~ kourtneykardash ~ 145821237,
2019-01-22 22:46 ~ jlo ~ 305701719,
2019-01-22 22:47 ~ kourtneykardash ~ 145821237,
2019-01-22 22:49 ~ jlo ~ 305701719,
2019-01-22 22:50 ~ kourtneykardash ~ 145821237,
2019-01-22 22:51 ~ jlo ~ 305701719,
2019-01-22 22:54 ~ jlo ~ 305701719,
2019-01-22 22:56 ~ jlo ~ 305701719,
2019-01-22 22:57 ~ kourtneykardash ~ 145821237,
2019-01-22 22:59 ~ jlo ~ 305701719,
2019-01-22 23:00 ~ kourtneykardash ~ 145821237,
2019-01-22 23:02 ~ jlo ~ 305701719,
2019-01-22 23:03 ~ kourtneykardash ~ 145821237,
2019-01-22 23:04 ~ jlo ~ 305701719,
2019-01-22 23:09 ~ jlo ~ 305701719,
2019-01-22 23:10 ~ kourtneykardash ~ 145821237,
2019-01-22 23:12 ~ jlo ~ 305701719,
2019-01-22 23:13 ~ kourtneykardash ~ 145821237,
2019-01-22 23:15 ~ jlo ~ 305701719,
2019-01-22 23:16 ~ kourtneykardash ~ 145821237,
2019-01-22 23:20 ~ kourtneykardash ~ 145821237,
2019-01-22 23:22 ~ jlo ~ 305701719,
2019-01-22 23:23 ~ kourtneykardash ~ 145821237,
2019-01-22 23:24 ~ jlo ~ 305701719,
2019-01-22 23:27 ~ jlo ~ 305701719,
2019-01-22 23:30 ~ jlo ~ 305701719,
2019-01-22 23:32 ~ jlo ~ 305701719,
2019-01-22 23:33 ~ kourtneykardash ~ 145821237,
2019-01-22 23:35 ~ jlo ~ 305701719,
2019-01-22 23:36 ~ kourtneykardash ~ 145821237,
2019-01-22 23:37 ~ jlo ~ 305701719,
2019-01-22 23:42 ~ jlo ~ 305701719,
2019-01-22 23:45 ~ jlo ~ 305701719,
2019-01-22 23:46 ~ kourtneykardash ~ 145821237,
2019-01-22 23:48 ~ jlo ~ 305701719,
2019-01-22 23:49 ~ kourtneykardash ~ 145821237,
2019-01-22 23:51 ~ jlo ~ 305701719,
2019-01-22 23:54 ~ jlo ~ 305701719,
2019-01-22 23:54 ~ kourtneykardash ~ 145821237,
2019-01-22 23:56 ~ jlo ~ 305701719,
2019-01-22 23:57 ~ kourtneykardash ~ 145821237,
2019-01-22 23:59 ~ jlo ~ 305701719,
2019-01-23 00:00 ~ kourtneykardash ~ 145821237,
2019-01-23 06:50 ~ kevinhart4real ~ 6590609,
2019-01-23 06:50 ~ realmadrid ~ 290023231,
2019-01-23 06:50 ~ badgalriri ~ 25945306,
2019-01-23 06:51 ~ victoriassecret ~ 3416684,
2019-01-23 06:53 ~ kevinhart4real ~ 6590609,
2019-01-23 06:53 ~ realmadrid ~ 290023231,
2019-01-23 06:53 ~ badgalriri ~ 25945306,
2019-01-23 06:55 ~ kevinhart4real ~ 6590609,
2019-01-23 06:55 ~ realmadrid ~ 290023231,
2019-01-23 06:56 ~ badgalriri ~ 25945306,
2019-01-23 06:56 ~ victoriassecret ~ 3416684,
2019-01-23 06:58 ~ kevinhart4real ~ 6590609,
2019-01-23 06:58 ~ realmadrid ~ 290023231,
2019-01-23 06:58 ~ badgalriri ~ 25945306,
2019-01-23 06:59 ~ victoriassecret ~ 3416684,
2019-01-23 07:03 ~ realmadrid ~ 290023231,
2019-01-23 07:03 ~ badgalriri ~ 25945306,
2019-01-23 07:06 ~ kevinhart4real ~ 6590609,
2019-01-23 07:06 ~ realmadrid ~ 290023231,
2019-01-23 07:06 ~ badgalriri ~ 25945306,
2019-01-23 07:06 ~ victoriassecret ~ 3416684,
2019-01-23 07:08 ~ kevinhart4real ~ 6590609,
2019-01-23 07:08 ~ realmadrid ~ 290023231,
2019-01-23 07:09 ~ badgalriri ~ 25945306,
2019-01-23 07:09 ~ victoriassecret ~ 3416684,
2019-01-23 07:11 ~ kevinhart4real ~ 6590609,
2019-01-23 07:11 ~ realmadrid ~ 290023231,
2019-01-23 07:14 ~ realmadrid ~ 290023231,
2019-01-23 07:14 ~ badgalriri ~ 25945306,
2019-01-23 07:16 ~ kevinhart4real ~ 6590609,
2019-01-23 07:17 ~ realmadrid ~ 290023231,
2019-01-23 07:17 ~ badgalriri ~ 25945306,
2019-01-23 07:17 ~ victoriassecret ~ 3416684,
2019-01-23 07:19 ~ kevinhart4real ~ 6590609,
2019-01-23 07:19 ~ realmadrid ~ 290023231,
2019-01-23 07:20 ~ badgalriri ~ 25945306,
2019-01-23 07:20 ~ victoriassecret ~ 3416684,
2019-01-23 07:37 ~ justintimberlake ~ 303054725,
2019-01-23 07:40 ~ justintimberlake ~ 303054725,
2019-01-23 07:43 ~ justintimberlake ~ 303054725,
2019-01-23 07:46 ~ justintimberlake ~ 303054725,
2019-01-23 07:48 ~ justintimberlake ~ 303054725,
2019-01-23 07:53 ~ justintimberlake ~ 303054725,
2019-01-23 07:56 ~ justintimberlake ~ 303054725,
2019-01-23 07:59 ~ justintimberlake ~ 303054725,
2019-01-23 08:05 ~ justintimberlake ~ 303054725,
2019-01-23 08:08 ~ justintimberlake ~ 303054725,
2019-01-23 08:10 ~ justintimberlake ~ 303054725,
2019-01-23 08:15 ~ justintimberlake ~ 303054725,
2019-01-23 08:20 ~ justintimberlake ~ 303054725,
2019-01-23 08:37 ~ franjvof ~ 3243509303,
2019-01-24 09:15 ~ oskaritograam ~ 1632975976,
2019-01-24 09:19 ~ jemzelcostales ~ 5545318523,
2019-01-24 09:21 ~ carl.is.bae1 ~ 8191986797,
2019-01-24 09:26 ~ _shyar_ni_duniya_ ~ 8452988689,
2019-01-24 09:26 ~ camipgonzalez__ ~ 516852924,
2019-01-24 09:31 ~ _.its_.lemon_.queen ~ 5350853440,
2019-01-24 09:42 ~ manuel._667 ~ 4639456873,
2019-01-24 09:44 ~ fahi_bousmina ~ 272014843,
2019-01-24 09:46 ~ sapno_ka_tofaa ~ 8763124159,
2019-01-24 09:48 ~ sexymemeoverlord ~ 7742599149,
2019-01-24 09:50 ~ riwangahardikaaa ~ 8621368155,
2019-01-24 09:54 ~ estellashairandbeauty ~ 8589529904,
2019-01-24 09:59 ~ godsgracersa ~ 6881532397,
2019-01-28 07:27 ~ openlyinsane ~ 7066295937,
2019-01-28 07:29 ~ taro_ane_maro_prem ~ 9674613258,
2019-01-28 07:29 ~ msinteriors111 ~ 9162795479,
2019-01-28 08:18 ~ khloekardashian ~ 208560325,
2019-01-28 08:19 ~ kendalljenner ~ 6380930,
2019-01-28 08:20 ~ nickiminaj ~ 451573056,
2019-01-30 01:16 ~ davidbeckham ~ 186904952,
2019-02-04 07:08 ~ arvind_vegda ~ 750662488,
2019-02-04 07:08 ~ mirchikunal ~ 30252618,
2019-02-04 07:08 ~ rjharshil ~ 345757788,
2019-02-04 07:09 ~ thecomedyfactoryindia ~ 1576863683,
2019-02-04 07:09 ~ instafunny_manan ~ 1280619102,
2019-02-04 13:29 ~ shadyblush ~ 261813382,
2019-02-09 20:49 ~ wearyouropinion ~ 1287683263,
2019-02-10 11:38 ~ muktimohan ~ 187133221,
2019-02-13 19:44 ~ jankibodiwala ~ 2281317426,
2019-02-13 19:53 ~ thekinjaldave ~ 4759208069,
2019-02-13 19:54 ~ aditiraval ~ 346460584,
2019-02-19 09:14 ~ kanik4kapoor ~ 448178964,
2019-03-17 07:17 ~ bhuvan.bam22 ~ 2493037651,
